,LGD,Housing Need Assessment Area,Total 5 Year Need Projection,Lat,Long,geometry,Nearest Development Scheme,Nearest Development Lat,Nearest Development Long,Distance(miles)
173,Fermanagh and Omagh,Derrylin,14,54.19458916,-7.568568621,POINT (-7.568568621 54.19458916),"Apartments 1 & 2, 9 Eia Street",54.59983174,-7.311525894,29.43
188,Fermanagh and Omagh,Newtownbutler,2,54.18314292,-7.358589735,POINT (-7.358589735 54.18314292),"Apartments 1 & 2, 9 Eia Street",54.59983174,-7.311525894,28.84
184,Fermanagh and Omagh,Kinawley,4,54.22698198,-7.649468797,POINT (-7.649468797 54.22698198),"Apartments 1 & 2, 9 Eia Street",54.59983174,-7.311525894,28.3
167,Fermanagh and Omagh,Belcoo,2,54.29762376,-7.871673597,POINT (-7.871673597 54.29762376),"Apartments 1 & 2, 9 Eia Street",54.59983174,-7.311525894,28.0
179,Fermanagh and Omagh,Florencecourt,5,54.25998496,-7.725171179,POINT (-7.725171179 54.25998496),"Apartments 1 & 2, 9 Eia Street",54.59983174,-7.311525894,27.38
168,Fermanagh and Omagh,Belleek,8,54.48117006,-8.090213419,POINT (-8.090213419 54.48117006),Main Street,54.82521984,-7.463248203,26.48
164,Fermanagh and Omagh,Aghadrumsee,1,54.22905276,-7.27711722,POINT (-7.27711722 54.22905276),"Apartments 1 & 2, 9 Eia Street",54.59983174,-7.311525894,25.65
191,Fermanagh and Omagh,Roslea,7,54.24012178,-7.172672509,POINT (-7.172672509 54.24012178),"Apartments 1 & 2, 9 Eia Street",54.59983174,-7.311525894,25.31
165,Fermanagh and Omagh,Arney / Bellanaleck,7,54.29119923,-7.675025882,POINT (-7.675025882 54.29119923),"Apartments 1 & 2, 9 Eia Street",54.59983174,-7.311525894,24.54
186,Fermanagh and Omagh,Lisnaskea,38,54.2532098,-7.443877989,POINT (-7.443877989 54.2532098),"Apartments 1 & 2, 9 Eia Street",54.59983174,-7.311525894,24.37
278,"Newry, Mourne and Down",Kilkeel,77,54.06390526,-6.006843425,POINT (-6.006843425 54.06390526),Old PSNI Site,54.37968353,-6.017851663,21.82
187,Fermanagh and Omagh,Maguiresbridge,19,54.29455312,-7.464789612,POINT (-7.464789612 54.29455312),"Apartments 1 & 2, 9 Eia Street",54.59983174,-7.311525894,21.7
183,Fermanagh and Omagh,Kesh,1,54.51948374,-7.721314496,POINT (-7.721314496 54.51948374),Main Street,54.82521984,-7.463248203,21.62
185,Fermanagh and Omagh,Lisbellaw,22,54.31838791,-7.533592268,POINT (-7.533592268 54.31838791),"Apartments 1 & 2, 9 Eia Street",54.59983174,-7.311525894,20.77
258,"Newry, Mourne and Down",Ballymartin,1,54.08268251,-5.949320658,POINT (-5.949320658 54.08268251),Old PSNI Site,54.37968353,-6.017851663,20.76
177,Fermanagh and Omagh,Enniskillen Town,288,54.34455167,-7.634375492,POINT (-7.634375492 54.34455167),"Apartments 1 & 2, 9 Eia Street",54.59983174,-7.311525894,20.49
176,Fermanagh and Omagh,Ederney / Lack,4,54.53363518,-7.658377905,POINT (-7.658377905 54.53363518),Main Street,54.82521984,-7.463248203,20.44
172,Fermanagh and Omagh,Derrygonnelly,2,54.4186603,-7.817660428,POINT (-7.817660428 54.4186603),"Apartments 1 & 2, 9 Eia Street",54.59983174,-7.311525894,19.9
170,Fermanagh and Omagh,Brookeborough,6,54.31567382,-7.405021241,POINT (-7.405021241 54.31567382),"Apartments 1 & 2, 9 Eia Street",54.59983174,-7.311525894,19.87
268,"Newry, Mourne and Down",Culloville,12,54.06204067,-6.64460014,POINT (-6.64460014 54.06204067),18-52 Ogle Street ,54.34538847,-6.655709884,19.58
255,"Newry, Mourne and Down",Annalong/Longstone /Glassdrumman,17,54.10761441,-5.900799808,POINT (-5.900799808 54.10761441),Old PSNI Site,54.37968353,-6.017851663,19.53
192,Fermanagh and Omagh,Tempo,7,54.37688512,-7.46079745,POINT (-7.46079745 54.37688512),"Apartments 1 & 2, 9 Eia Street",54.59983174,-7.311525894,16.11
242,Mid Ulster,Fivemiletown,1,54.37760532,-7.314737511,POINT (-7.314737511 54.37760532),"Apartments 1 & 2, 9 Eia Street",54.59983174,-7.311525894,15.35
269,"Newry, Mourne and Down",Cullyhanna,4,54.13039548,-6.588736992,POINT (-6.588736992 54.13039548),18-52 Ogle Street ,54.34541964,-6.655160325,15.17
166,Fermanagh and Omagh,Ballinamallard,6,54.42066669,-7.594589034,POINT (-7.594589034 54.42066669),"Apartments 1 & 2, 9 Eia Street",54.59983174,-7.311525894,15.1
267,"Newry, Mourne and Down",Crossmaglen,60,54.07821375,-6.608771908,POINT (-6.608771908 54.07821375),Blinne Court,54.14234902,-6.359362121,13.86
247,Mid Ulster,Maghera,27,54.84503552,-6.675276569,POINT (-6.675276569 54.84503552),"Molesworth Plaza, Molesworth Street",54.64602436,-6.739181256,13.78
244,Mid Ulster,Gulladuff,3,54.83398456,-6.603244899,POINT (-6.603244899 54.83398456),"Molesworth Plaza, Molesworth Street",54.64602436,-6.739181256,13.14
182,Fermanagh and Omagh,Irvinestown,21,54.47398034,-7.635393659,POINT (-7.635393659 54.47398034),"Apartments 1 & 2, 9 Eia Street",54.59983174,-7.311525894,12.84
287,"Newry, Mourne and Down",Newcastle,238,54.21536101,-5.892365436,POINT (-5.892365436 54.21536101),Old PSNI Site,54.37968353,-6.017851663,12.58
257,"Newry, Mourne and Down",Ballykinler,3,54.25738503,-5.79930977,POINT (-5.79930977 54.25738503),Sloane Crescent ,54.40618651,-5.648941911,12.01
155,Derry City and Strabane,Plumbridge,3,54.76838201,-7.249493711,POINT (-7.249493711 54.76838201),"Apartments 1 & 2, 9 Eia Street",54.59983174,-7.311525894,11.71
136,Causeway Coast and Glens,Waterfoot,6,55.06131657,-6.061076535,POINT (-6.061076535 55.06131657),Fir Park,54.89431629,-6.205538135,11.51
108,Causeway Coast and Glens,Corkey,2,55.0419658,-6.301602416,POINT (-6.301602416 55.0419658),"Rathmoyle, 1 Mary Street",55.20382499,-6.239635555,11.2
273,"Newry, Mourne and Down",Dundrum / Seaforde / Clough,32,54.25795831,-5.842429883,POINT (-5.842429883 54.25795831),Old PSNI Site,54.37968353,-6.017851663,11.19
253,Mid Ulster,Swatragh,7,54.90979742,-6.662938607,POINT (-6.662938607 54.90979742),"Apartment 9, 2 John Street",55.07185785,-6.515283574,11.17
280,"Newry, Mourne and Down",Killough,15,54.25270969,-5.644185883,POINT (-5.644185883 54.25270969),Sloane Crescent ,54.40599743,-5.648474632,10.59
277,"Newry, Mourne and Down",Kilcoo,4,54.2314926,-6.029485752,POINT (-6.029485752 54.2314926),Old PSNI Site,54.37968353,-6.017851663,10.25
120,Causeway Coast and Glens,Garvagh,8,54.98499602,-6.685960022,POINT (-6.685960022 54.98499602),Railway Road,55.13244883,-6.665462073,10.19
239,Mid Ulster,Draperstown,16,54.7930025,-6.783604484,POINT (-6.783604484 54.7930025),"Molesworth Plaza, Molesworth Street",54.64602436,-6.739181256,10.18
256,"Newry, Mourne and Down",Ardglass,37,54.26305988,-5.609865609,POINT (-5.609865609 54.26305988),Sloane Crescent ,54.40599743,-5.648474632,10.0
214,Mid and East Antrim,Carnlough,18,54.99115273,-5.99286955,POINT (-5.99286955 54.99115273),9 Drummond Court,54.84849006,-5.822412922,9.84
127,Causeway Coast and Glens,Loughguile,2,55.0618722,-6.306348894,POINT (-6.306348894 55.0618722),"Rathmoyle, 1 Mary Street",55.20382499,-6.239635555,9.83
234,Mid Ulster,Castledawson,26,54.77691754,-6.554784822,POINT (-6.554784822 54.77691754),"Molesworth Plaza, Molesworth Street",54.64602436,-6.739181256,9.61
227,Mid Ulster,Aughnacloy,3,54.41372278,-6.974220274,POINT (-6.974220274 54.41372278),Mullaghmore Road,54.5111233,-6.785006686,9.3
106,Causeway Coast and Glens,Cloughmills,10,54.99946141,-6.332584937,POINT (-6.332584937 54.99946141),5-17 George Street,54.86523287,-6.27891875,9.27
275,"Newry, Mourne and Down",Hilltown,36,54.1945353,-6.144782935,POINT (-6.144782935 54.1945353),41 Belfast Road,54.19145901,-6.334576661,9.27
103,Causeway Coast and Glens,Bushmills,8,55.20555283,-6.522485652,POINT (-6.522485652 55.20555283),"Apartment 9, 2 John Street",55.07185785,-6.515283574,9.24
292,"Newry, Mourne and Down",Silverbridge,4,54.1005119,-6.526113708,POINT (-6.526113708 54.1005119),Blinne Court,54.14234902,-6.359362121,9.17
265,"Newry, Mourne and Down",Castlewellan,111,54.25588245,-5.941769867,POINT (-5.941769867 54.25588245),Old PSNI Site,54.37968353,-6.017851663,9.14
63,"Armagh City, Banbridge and Craigavon",Rathfriland,24,54.2370838,-6.161140692,POINT (-6.161140692 54.2370838),58 Fort Street,54.34256247,-6.276333133,8.86
109,Causeway Coast and Glens,Cushendall,42,55.07888027,-6.057568143,POINT (-6.057568143 55.07888027),"Rathmoyle, 1 Mary Street",55.20382499,-6.239635555,8.84
58,"Armagh City, Banbridge and Craigavon",Middletown,6,54.29165885,-6.843104633,POINT (-6.843104633 54.29165885),18-52 Ogle Street ,54.34538847,-6.655709884,8.75
291,"Newry, Mourne and Down",Saintfield,48,54.45940819,-5.834212614,POINT (-5.834212614 54.45940819),Lands adjacent to 91 Gilnahirk Road,54.58447314,-5.842642113,8.64
228,Mid Ulster,Ballygawley,11,54.46324448,-7.029467933,POINT (-7.029467933 54.46324448),Mullaghmore Road,54.5111233,-6.785006686,8.61
217,Mid and East Antrim,Glenarm,4,54.96942813,-5.957496956,POINT (-5.957496956 54.96942813),9 Drummond Court,54.84849006,-5.822412922,8.36
180,Fermanagh and Omagh,Gortin,6,54.71783042,-7.234024471,POINT (-7.234024471 54.71783042),"Apartments 1 & 2, 9 Eia Street",54.59983174,-7.311525894,8.32
290,"Newry, Mourne and Down",Rostrevor,42,54.10118858,-6.200433669,POINT (-6.200433669 54.10118858),83/89 Drumalane Road,54.16036752,-6.340128208,8.3
226,Mid Ulster,Ardboe/Moortown/ Ballinderry,11,54.62049146,-6.511452722,POINT (-6.511452722 54.62049146),Derrytrasna Road,54.50213653,-6.466377033,8.27
124,Causeway Coast and Glens,Kilrea,5,54.95257743,-6.556818325,POINT (-6.556818325 54.95257743),"Apartment 9, 2 John Street",55.07185785,-6.515283574,8.24
194,Lisburn and Castlereagh,Boardmills,2,54.46628907,-5.915741712,POINT (-5.915741712 54.46628907),136-138 University Avenue,54.58553755,-5.923989201,8.24
199,Lisburn and Castlereagh,Glenavy,40,54.59291563,-6.213843844,POINT (-6.213843844 54.59291563),31 Belfast Road,54.71163141,-6.203902276,8.21
181,Fermanagh and Omagh,Greencastle,1,54.688805,-7.076387303,POINT (-7.076387303 54.688805),"Apartments 1 & 2, 9 Eia Street",54.59983174,-7.311525894,8.1
141,Derry City and Strabane,Castlederg,29,54.71131073,-7.593541739,POINT (-7.593541739 54.71131073),Main Street,54.82521984,-7.463248203,8.07
133,Causeway Coast and Glens,Rasharkin,5,54.95611882,-6.481666432,POINT (-6.481666432 54.95611882),"Apartment 9, 2 John Street",55.07185785,-6.515283574,8.0
129,Causeway Coast and Glens,Maybouy,1,55.01682915,-6.735185854,POINT (-6.735185854 55.01682915),Railway Road,55.13244883,-6.665462073,8.0
14,Antrim and Newtownabbey,Toomebridge,14,54.75378839,-6.463115121,POINT (-6.463115121 54.75378839),5-17 George Street,54.86523287,-6.27891875,7.96
248,Mid Ulster,Magherafelt,110,54.75441017,-6.607658111,POINT (-6.607658111 54.75441017),"Molesworth Plaza, Molesworth Street",54.64602436,-6.739181256,7.88
119,Causeway Coast and Glens,Foreglen,3,54.92878029,-7.028303564,POINT (-7.028303564 54.92878029),35 Glasvey Close,55.04060877,-7.033883762,7.73
153,Derry City and Strabane,Newtownstewart,9,54.71816079,-7.38192623,POINT (-7.38192623 54.71816079),Main Street,54.82521984,-7.463248203,7.48
49,"Armagh City, Banbridge and Craigavon",Dromore,49,54.41299918,-6.150541729,POINT (-6.150541729 54.41299918),Causeway End Road,54.5136829,-6.075654609,7.4
174,Fermanagh and Omagh,Dromore,16,54.41412401,-6.148653314,POINT (-6.148653314 54.41412401),Causeway End Road,54.5136829,-6.075654609,7.31
260,"Newry, Mourne and Down",Ballyward,2,54.27681,-6.04098,POINT (-6.04098 54.27681),Old PSNI Site,54.37968353,-6.017851663,7.17
86,Causeway Coast and Glens,Aghadowey,4,55.02914184,-6.651804188,POINT (-6.651804188 55.02914184),Railway Road,55.13244883,-6.665462073,7.14
178,Fermanagh and Omagh,Fintona,14,54.4969787,-7.317225404,POINT (-7.317225404 54.4969787),"Apartments 1 & 2, 9 Eia Street",54.59983174,-7.311525894,7.11
251,Mid Ulster,Pomeroy,5,54.59459684,-6.927792536,POINT (-6.927792536 54.59459684),Mullaghmore Road,54.5111233,-6.785006686,7.05
51,"Armagh City, Banbridge and Craigavon",Keady,13,54.24940455,-6.705455896,POINT (-6.705455896 54.24940455),18-52 Ogle Street ,54.34538847,-6.655709884,6.97
218,Mid and East Antrim,Glenravel,12,54.99497367,-6.180256591,POINT (-6.180256591 54.99497367),Fir Park,54.89431629,-6.205538135,6.95
44,"Armagh City, Banbridge and Craigavon",Charlemont/Blackwatertown/Car rickaness/Donnelly Hill,2,54.44180333,-6.685769913,POINT (-6.685769913 54.44180333),18-52 Ogle Street ,54.34538847,-6.655709884,6.76
283,"Newry, Mourne and Down",Lurganare/Barnmeen,7,54.22803472,-6.20616445,POINT (-6.20616445 54.22803472),41 Belfast Road,54.19155879,-6.33458608,6.66
171,Fermanagh and Omagh,Carrickmore,5,54.59744813,-7.052102393,POINT (-7.052102393 54.59744813),"Apartments 1 & 2, 9 Eia Street",54.59983174,-7.311525894,6.64
297,"Newry, Mourne and Down",Whitecross,5,54.2217338,-6.486017317,POINT (-6.486017317 54.2217338),Carnagat Road,54.18394098,-6.359846553,6.63
286,"Newry, Mourne and Down",Mullaghbawn,12,54.10922799,-6.47709806,POINT (-6.47709806 54.10922799),Blinne Court,54.14234902,-6.359362121,6.53
271,"Newry, Mourne and Down",Drumaness,16,54.36831513,-5.852838042,POINT (-5.852838042 54.36831513),Old PSNI Site,54.37968353,-6.017851663,6.52
57,"Armagh City, Banbridge and Craigavon",Markethill,6,54.29718633,-6.524847167,POINT (-6.524847167 54.29718633),18-52 Ogle Street ,54.34541964,-6.655160325,6.42
225,Mid and East Antrim,Whitehead,42,54.75793895,-5.710602752,POINT (-5.710602752 54.75793895),9 Drummond Court,54.84849006,-5.822412922,6.39
231,Mid Ulster,Benburb,1,54.42025398,-6.750415445,POINT (-6.750415445 54.42025398),Mullaghmore Road,54.5111233,-6.785006686,6.39
274,"Newry, Mourne and Down",Forkhill,21,54.08237865,-6.450060154,POINT (-6.450060154 54.08237865),Blinne Court,54.14234902,-6.359362121,6.32
11,Antrim and Newtownabbey,Crumlin,101,54.62042944,-6.21594705,POINT (-6.21594705 54.62042944),31 Belfast Road,54.71163141,-6.203902276,6.31
23,Ards and North Down,Ballygowan,21,54.50349811,-5.79428671,POINT (-5.79428671 54.50349811),757-759 Upper Newtownards Road,54.59415966,-5.819243282,6.3
261,"Newry, Mourne and Down",Belleek,6,54.18428608,-6.485938572,POINT (-6.485938572 54.18428608),Carnagat Road,54.18394098,-6.359846553,6.21
296,"Newry, Mourne and Down",Warrenpoint,224,54.10328512,-6.248875998,POINT (-6.248875998 54.10328512),83/89 Drumalane Road,54.16036752,-6.340128208,6.15
66,"Armagh City, Banbridge and Craigavon",Tandragee,3,54.35666717,-6.411621338,POINT (-6.411621338 54.35666717),Drumellan ,54.44112252,-6.365035369,6.09
100,Causeway Coast and Glens,Bellarena,5,55.13936338,-6.945920623,POINT (-6.945920623 55.13936338),"Old Distillery Gardens, Church Street",55.05206519,-6.942588449,6.03
229,Mid Ulster,Ballyronan,1,54.70821953,-6.533993702,POINT (-6.533993702 54.70821953),"Molesworth Plaza, Molesworth Street",54.64602436,-6.739181256,5.99
22,Ards and North Down,Groomsport,39,54.67425899,-5.615100632,POINT (-5.615100632 54.67425899),139 Upper Greenwell Street,54.5911432,-5.685212113,5.97
270,"Newry, Mourne and Down",Downpatrick,180,54.32683457,-5.707135728,POINT (-5.707135728 54.32683457),Sloane Crescent ,54.40618651,-5.648941911,5.95
110,Causeway Coast and Glens,Cushendun,5,55.12570678,-6.043230668,POINT (-6.043230668 55.12570678),"Rathmoyle, 1 Mary Street",55.20399117,-6.23954455,5.94
60,"Armagh City, Banbridge and Craigavon",Portadown 1,89,54.41747652,-6.449701002,POINT (-6.449701002 54.41747652),Derrytrasna Road,54.50186113,-6.466133571,5.86
105,Causeway Coast and Glens,Clintyfinnan,1,55.12282268,-6.363656614,POINT (-6.363656614 55.12282268),"Rathmoyle, 1 Mary Street",55.20382499,-6.239635555,5.81
55,"Armagh City, Banbridge and Craigavon",Madden /Milford/ Ballyards,1,54.28327991,-6.74754399,POINT (-6.74754399 54.28327991),18-52 Ogle Street ,54.34538847,-6.655709884,5.8
130,Causeway Coast and Glens,Portballintrae,11,55.21498835,-6.54390694,POINT (-6.54390694 55.21498835),"Harpurs Hill, Phase 2 ",55.1379163,-6.650845816,5.51
32,Ards and North Down,Helen's Bay,1,54.67075211,-5.747105017,POINT (-5.747105017 54.67075211),56-60 East Street,54.59500312,-5.696849782,5.36
284,"Newry, Mourne and Down",Mayobridge,14,54.18066661,-6.226576479,POINT (-6.226576479 54.18066661),41 Belfast Road,54.19145901,-6.334576661,5.36
169,Fermanagh and Omagh,Beragh,8,54.55103276,-7.160222599,POINT (-7.160222599 54.55103276),"Apartments 1 & 2, 9 Eia Street",54.59983174,-7.311525894,5.3
250,Mid Ulster,Moy,28,54.44773382,-6.696936991,POINT (-6.696936991 54.44773382),Mullaghmore Road,54.5111233,-6.785006686,5.25
211,Mid and East Antrim,Ballycarry,3,54.77351092,-5.751238537,POINT (-5.751238537 54.77351092),9 Drummond Court,54.84849006,-5.822412922,5.24
48,"Armagh City, Banbridge and Craigavon",Donaghcloney,5,54.41769928,-6.257621543,POINT (-6.257621543 54.41769928),42/44/52/56 Fort Street,54.34273966,-6.276535709,5.23
252,Mid Ulster,Stewartstown,9,54.57466549,-6.67401696,POINT (-6.67401696 54.57466549),"Molesworth Plaza, Molesworth Street",54.64602436,-6.739181256,5.19
61,"Armagh City, Banbridge and Craigavon",Portadown 2,76,54.42751428,-6.456824754,POINT (-6.456824754 54.42751428),Derrytrasna Road,54.50186113,-6.466133571,5.15
88,Causeway Coast and Glens,Armoy,7,55.13247893,-6.327478036,POINT (-6.327478036 55.13247893),"Rathmoyle, 1 Mary Street",55.20382499,-6.239635555,5.06
143,Derry City and Strabane,Claudy,36,54.91168319,-7.155285974,POINT (-7.155285974 54.91168319),Fincairn Road,54.9845671,-7.268682178,5.03
282,"Newry, Mourne and Down",Kilmore / Loughinisland,1,54.38439693,-5.774604908,POINT (-5.774604908 54.38439693),Sloane Crescent ,54.40618651,-5.648941911,5.01
259,"Newry, Mourne and Down",Ballynahinch,81,54.40435061,-5.897780898,POINT (-5.897780898 54.40435061),Old PSNI Site,54.37968353,-6.017851663,4.89
195,Lisburn and Castlereagh,Carryduff,70,54.51500909,-5.889538227,POINT (-5.889538227 54.51500909),20 Cregagh Road,54.5851264,-5.899291096,4.85
232,Mid Ulster,Cappagh,2,54.54379949,-6.927748887,POINT (-6.927748887 54.54379949),Mullaghmore Road,54.5111233,-6.785006686,4.85
54,"Armagh City, Banbridge and Craigavon",Loughgall,1,54.40907039,-6.605509286,POINT (-6.605509286 54.40907039),18-52 Ogle Street ,54.34541964,-6.655160325,4.8
148,Derry City and Strabane,Douglas Bridge,10,54.75683052,-7.419289099,POINT (-7.419289099 54.75683052),Main Street,54.82521984,-7.463248203,4.76
246,Mid Ulster,Lissan/Dunamore,2,54.67338858,-6.941258697,POINT (-6.941258697 54.67338858),"Molesworth Plaza, Molesworth Street",54.64602436,-6.739181256,4.76
50,"Armagh City, Banbridge and Craigavon",Gilford,5,54.37245382,-6.362341258,POINT (-6.362341258 54.37245382),Drumellan ,54.44112252,-6.365035369,4.75
193,Lisburn and Castlereagh,Aghalee,5,54.52083764,-6.2664629,POINT (-6.2664629 54.52083764),"Sloanhill, Hill Street",54.46170899,-6.341279683,4.74
21,Ards and North Down,Donaghadee,54,54.64221459,-5.537364421,POINT (-5.537364421 54.64221459),1 Castle Cottage Close,54.57461987,-5.556011655,4.69
64,"Armagh City, Banbridge and Craigavon",Richhill,11,54.3735211,-6.548976595,POINT (-6.548976595 54.3735211),18-52 Ogle Street ,54.34541964,-6.655160325,4.67
33,Ards and North Down,Killinchy,1,54.47216661,-5.675811984,POINT (-5.675811984 54.47216661),Sloane Crescent ,54.40618651,-5.648941911,4.66
113,Causeway Coast and Glens,Drumsurn,3,54.99636419,-6.876968751,POINT (-6.876968751 54.99636419),Hass Road Phase 3 ,54.92892288,-6.915361174,4.66
293,"Newry, Mourne and Down",Spa,1,54.3751633,-5.899930791,POINT (-5.899930791 54.3751633),Old PSNI Site,54.37968353,-6.017851663,4.61
30,Ards and North Down,Cloughey,1,54.4291725,-5.480313192,POINT (-5.480313192 54.4291725),11 Birch Crescent,54.49505727,-5.466776762,4.58
175,Fermanagh and Omagh,Drumquin,7,54.61446982,-7.488463314,POINT (-7.488463314 54.61446982),"Apartments 1 & 2, 9 Eia Street",54.59983174,-7.311525894,4.54
131,Causeway Coast and Glens,Portrush,172,55.20369043,-6.65186604,POINT (-6.65186604 55.20369043),"Harpurs Hill, Phase 2 ",55.13823805,-6.652022787,4.52
230,Mid Ulster,Bellaghy,8,54.80901569,-6.519256793,POINT (-6.519256793 54.80901569),5-17 George Street,54.86523287,-6.27891875,4.51
263,"Newry, Mourne and Down",Burren,1,54.13206731,-6.260780102,POINT (-6.260780102 54.13206731),83/89 Drumalane Road,54.16036752,-6.340128208,4.5
26,Ards and North Down,Crawfordsburn,12,54.65862917,-5.729013614,POINT (-5.729013614 54.65862917),56-60 East Street,54.59500312,-5.696849782,4.46
38,"Armagh City, Banbridge and Craigavon",Annaclone,2,54.30058602,-6.19580888,POINT (-6.19580888 54.30058602),58 Fort Street,54.34256247,-6.276333133,4.46
15,Antrim and Newtownabbey,Ballyclare,64,54.75319587,-6.001062103,POINT (-6.001062103 54.75319587),Milewater Road ,54.69119688,-5.95807642,4.35
294,"Newry, Mourne and Down",Strangford,19,54.36991512,-5.557607334,POINT (-5.557607334 54.36991512),Sloane Crescent ,54.40599743,-5.648474632,4.29
272,"Newry, Mourne and Down",Drumintee,1,54.09783042,-6.415778289,POINT (-6.415778289 54.09783042),Blinne Court,54.14234902,-6.359362121,4.26
91,Causeway Coast and Glens,Atlantic,1,55.193713,-6.685597792,POINT (-6.685597792 55.193713),Railway Road,55.13244883,-6.665462073,4.24
24,Ards and North Down,Portaferry,17,54.38142359,-5.546865418,POINT (-5.546865418 54.38142359),Sloane Crescent ,54.40599743,-5.648474632,4.23
266,"Newry, Mourne and Down",Crossgar,61,54.3933581,-5.758573827,POINT (-5.758573827 54.3933581),Sloane Crescent ,54.40618651,-5.648941911,4.23
115,Causeway Coast and Glens,Dunloy,5,55.0110382,-6.410085763,POINT (-6.410085763 55.0110382),"Apartment 9, 2 John Street",55.07185785,-6.515283574,4.22
203,Lisburn and Castlereagh,Lower and Upper Ballinderry,2,54.5379211,-6.204722835,POINT (-6.204722835 54.5379211),Causeway End Road,54.51477349,-6.075622684,4.21
18,Ards and North Down,Bangor Urban,371,54.6539548,-5.673691763,POINT (-5.673691763 54.6539548),56-60 East Street,54.59500312,-5.696849782,4.11
62,"Armagh City, Banbridge and Craigavon",Portadown Rural,9,54.40244766,-6.450034928,POINT (-6.450034928 54.40244766),Drumellan ,54.44112252,-6.365035369,4.09
93,Causeway Coast and Glens,Ballybogy,6,55.12959791,-6.557793978,POINT (-6.557793978 55.12959791),"Apartment 9, 2 John Street",55.07185785,-6.515283574,4.0
45,"Armagh City, Banbridge and Craigavon","Clady, Corran Ballymacnab",3,54.2891478,-6.634358042,POINT (-6.634358042 54.2891478),18-52 Ogle Street ,54.34541964,-6.655160325,3.99
222,Mid and East Antrim,Kells,13,54.80804222,-6.220890525,POINT (-6.220890525 54.80804222),5-17 George Street,54.86503749,-6.278689806,3.98
151,Derry City and Strabane,Magheramason,10,54.93906306,-7.382318508,POINT (-7.382318508 54.93906306),Central Drive,54.99465344,-7.346240489,3.84
209,Lisburn and Castlereagh,Stoneyford,1,54.56634401,-6.120527072,POINT (-6.120527072 54.56634401),Causeway End Road,54.51477349,-6.075622684,3.8
112,Causeway Coast and Glens,Dervock,2,55.12649219,-6.471343286,POINT (-6.471343286 55.12649219),"Apartment 9, 2 John Street",55.07185785,-6.515283574,3.79
208,Lisburn and Castlereagh,Moneyreagh,3,54.5309873,-5.830070798,POINT (-5.830070798 54.5309873),Lands adjacent to 91 Gilnahirk Road,54.58447314,-5.842642113,3.71
215,Mid and East Antrim,Carrickfergus Town,152,54.72517904,-5.811851174,POINT (-5.811851174 54.72517904),Glenwhirry Court,54.67739388,-5.899987123,3.69
16,Antrim and Newtownabbey,Doagh/Kelburn Park,10,54.73916709,-6.044016318,POINT (-6.044016318 54.73916709),Milewater Road ,54.69119688,-5.95807642,3.65
276,"Newry, Mourne and Down",Jonesborough,9,54.09055956,-6.369812847,POINT (-6.369812847 54.09055956),Blinne Court,54.14234902,-6.359362121,3.62
205,Lisburn and Castlereagh,Megaberry,3,54.50476949,-6.18879599,POINT (-6.18879599 54.50476949),Causeway End Road,54.5136829,-6.075654609,3.58
249,Mid Ulster,Moneymore,6,54.69313113,-6.669726977,POINT (-6.669726977 54.69313113),"Molesworth Plaza, Molesworth Street",54.64602436,-6.739181256,3.56
37,"Armagh City, Banbridge and Craigavon",Aghagallon,9,54.50812691,-6.296233955,POINT (-6.296233955 54.50812691),"Sloanhill, Hill Street",54.46170899,-6.341279683,3.53
34,Ards and North Down,Kircubbin,1,54.48697938,-5.533132867,POINT (-5.533132867 54.48697938),31 Main Street,54.53580497,-5.559131656,3.47
235,Mid Ulster,Coalisland,135,54.54336184,-6.702785751,POINT (-6.702785751 54.54336184),Mullaghmore Road,54.5111233,-6.785006686,3.33
132,Causeway Coast and Glens,Portstewart,100,55.17938245,-6.709801689,POINT (-6.709801689 55.17938245),Railway Road,55.13244883,-6.665462073,3.29
12,Antrim and Newtownabbey,Randalstown,52,54.74982165,-6.320173157,POINT (-6.320173157 54.74982165),31 Belfast Road,54.71168668,-6.204200552,3.28
67,"Armagh City, Banbridge and Craigavon",Tullylish,1,54.37390664,-6.337253844,POINT (-6.337253844 54.37390664),42/44/52/56 Fort Street,54.34273966,-6.276535709,3.25
20,Ards and North Down,Comber,172,54.55011528,-5.745077595,POINT (-5.745077595 54.55011528),22 John Street Lane,54.59275338,-5.699134498,3.2
92,Causeway Coast and Glens,Ballintoy,6,55.23613895,-6.359054196,POINT (-6.359054196 55.23613895),"Rathmoyle, 1 Mary Street",55.20382499,-6.239635555,2.98
52,"Armagh City, Banbridge and Craigavon",Lawrencetown,6,54.38118566,-6.307820507,POINT (-6.307820507 54.38118566),42/44/52/56 Fort Street,54.34273966,-6.276535709,2.93
46,"Armagh City, Banbridge and Craigavon",Derrymacash/Derrytrasna/ Kinnego,18,54.47842542,-6.403796646,POINT (-6.403796646 54.47842542),Drumellan ,54.44112252,-6.365035369,2.9
19,Ards and North Down,Holywood,179,54.63332464,-5.842546068,POINT (-5.842546068 54.63332464),30 Abbey Court,54.59182415,-5.835820579,2.87
254,Mid Ulster,Tullyhogue,1,54.60631136,-6.723479678,POINT (-6.723479678 54.60631136),"Molesworth Plaza, Molesworth Street",54.64602436,-6.739181256,2.77
156,Derry City and Strabane,Sion Mills/Glebe,62,54.78618468,-7.473928654,POINT (-7.473928654 54.78618468),Main Street,54.82521984,-7.463248203,2.7
135,Causeway Coast and Glens,Stranocum,1,55.10883909,-6.420129931,POINT (-6.420129931 55.10883909),"Apartment 9, 2 John Street",55.07185785,-6.515283574,2.66
200,Lisburn and Castlereagh,Hillsborough,41,54.46549057,-6.073530668,POINT (-6.073530668 54.46549057),149-151 Warren Gardens,54.50285974,-6.057158776,2.64
56,"Armagh City, Banbridge and Craigavon",Magheralin,6,54.46580701,-6.264388827,POINT (-6.264388827 54.46580701),"Sloanhill, Hill Street",54.46170899,-6.341279683,2.63
104,Causeway Coast and Glens,Castlerock,14,55.16426702,-6.788823471,POINT (-6.788823471 55.16426702),Railway Road,55.13244883,-6.665462073,2.63
152,Derry City and Strabane,Newbuildings,19,54.95675299,-7.356553959,POINT (-7.356553959 54.95675299),Central Drive,54.99465344,-7.346240489,2.62
264,"Newry, Mourne and Down",Camlough,31,54.18153664,-6.410946225,POINT (-6.410946225 54.18153664),Carnagat Road,54.18394098,-6.359846553,2.53
197,Lisburn and Castlereagh,Culcavey,6,54.4778096,-6.090041916,POINT (-6.090041916 54.4778096),Causeway End Road,54.5136829,-6.075654609,2.52
102,Causeway Coast and Glens,Burnfoot,2,54.9645622,-6.939196954,POINT (-6.939196954 54.9645622),Hass Road Phase 3 ,54.92892288,-6.915361174,2.46
118,Causeway Coast and Glens,Feeny,4,54.8932471,-7.021098744,POINT (-7.021098744 54.8932471),Hass Road Phase 3 ,54.92810912,-6.915737559,2.45
125,Causeway Coast and Glens,Largy,1,55.01707172,-6.942003052,POINT (-6.942003052 55.01707172),57 Church Street,55.05175558,-6.941976527,2.4
142,Derry City and Strabane,Clady,3,54.79313345,-7.540050558,POINT (-7.540050558 54.79313345),Main Street,54.82521984,-7.463248203,2.39
36,Ards and North Down,Portavogie,1,54.46208301,-5.44688009,POINT (-5.44688009 54.46208301),11 Birch Crescent,54.49505727,-5.466776762,2.37
128,Causeway Coast and Glens,Macosquin,5,55.09905496,-6.710471645,POINT (-6.710471645 55.09905496),Railway Road,55.13244883,-6.665462073,2.35
27,Ards and North Down,Millisle,12,54.60705603,-5.529549183,POINT (-5.529549183 54.60705603),1 Castle Cottage Close,54.57461987,-5.556011655,2.34
139,Derry City and Strabane,Artigarvan,6,54.85814538,-7.404074836,POINT (-7.404074836 54.85814538),Main Street,54.82521984,-7.463248203,2.34
68,"Armagh City, Banbridge and Craigavon",Waringstown,6,54.43650706,-6.29851039,POINT (-6.29851039 54.43650706),"Sloanhill, Hill Street",54.46170899,-6.341279683,2.29
140,Derry City and Strabane,Ballymagorry,17,54.85779454,-7.428826965,POINT (-7.428826965 54.85779454),Main Street,54.82521984,-7.463248203,2.27
221,Mid and East Antrim,Islandmagee,7,54.82019725,-5.720486072,POINT (-5.720486072 54.82019725),9 Drummond Court,54.84849006,-5.822412922,2.2
13,Antrim and Newtownabbey,Parkgate/Templepatrick,35,54.70109363,-6.092338075,POINT (-6.092338075 54.70109363),31 Belfast Road,54.71163141,-6.203902276,2.19
285,"Newry, Mourne and Down",Meigh,27,54.12241797,-6.390667132,POINT (-6.390667132 54.12241797),Blinne Court,54.14234902,-6.359362121,2.12
53,"Armagh City, Banbridge and Craigavon",Loughbrickland,9,54.31794283,-6.305163116,POINT (-6.305163116 54.31794283),42/44/52/56 Fort Street,54.34273966,-6.276535709,2.09
262,"Newry, Mourne and Down",Bessbrook/Derramore,123,54.1955503,-6.397011388,POINT (-6.397011388 54.1955503),Carnagat Road,54.18394098,-6.359846553,1.99
134,Causeway Coast and Glens,Seacon,2,55.09982574,-6.55540076,POINT (-6.55540076 55.09982574),"Apartment 9, 2 John Street",55.07185785,-6.515283574,1.95
87,Causeway Coast and Glens,Ardgarvan,1,55.02414618,-6.927548889,POINT (-6.927548889 55.02414618),57 Church Street,55.05175558,-6.941976527,1.91
245,Mid Ulster,Killyman/Laghey,2,54.49506872,-6.736032126,POINT (-6.736032126 54.49506872),Mullaghmore Road,54.5111233,-6.785006686,1.9
122,Causeway Coast and Glens,Gortnaghey,5,54.95597322,-6.969663205,POINT (-6.969663205 54.95597322),Hass Road Phase 3 ,54.92892288,-6.915361174,1.87
43,"Armagh City, Banbridge and Craigavon",Central Craigavon,90,54.43770161,-6.413886475,POINT (-6.413886475 54.43770161),Drumellan ,54.44112252,-6.365035369,1.75
238,Mid Ulster,Donaghmore,19,54.53307698,-6.814006616,POINT (-6.814006616 54.53307698),Mullaghmore Road,54.5111233,-6.785006686,1.75
216,Mid and East Antrim,Cullybackey,34,54.88899947,-6.350098176,POINT (-6.350098176 54.88899947),5-17 George Street,54.86523287,-6.27891875,1.71
279,"Newry, Mourne and Down",Killeen,4,54.11802134,-6.353145712,POINT (-6.353145712 54.11802134),Blinne Court,54.14234902,-6.359362121,1.71
101,Causeway Coast and Glens,Bendooragh,5,55.04763536,-6.551734784,POINT (-6.551734784 55.04763536),"Apartment 9, 2 John Street",55.07185785,-6.515283574,1.69
204,Lisburn and Castlereagh,Maze,1,54.4982875,-6.116660464,POINT (-6.116660464 54.4982875),Causeway End Road,54.5136829,-6.075654609,1.67
47,"Armagh City, Banbridge and Craigavon",Dollingstown,1,54.46202374,-6.292777296,POINT (-6.292777296 54.46202374),"Sloanhill, Hill Street",54.46170899,-6.341279683,1.65
243,Mid Ulster,Granville/Brantry,2,54.48922436,-6.803544307,POINT (-6.803544307 54.48922436),Mullaghmore Road,54.5111233,-6.785006686,1.62
224,Mid and East Antrim,Portglenone,23,54.87454147,-6.473481681,POINT (-6.473481681 54.87454147),5-17 George Street,54.86523287,-6.27891875,1.58
89,Causeway Coast and Glens,Articlave,7,55.14705505,-6.774643693,POINT (-6.774643693 55.14705505),Railway Road,55.13244883,-6.665462073,1.58
233,Mid Ulster,Castlecaulfield,6,54.50861726,-6.834764396,POINT (-6.834764396 54.50861726),Mullaghmore Road,54.5111233,-6.785006686,1.56
138,Derry City and Strabane,Ardmore,3,54.96186085,-7.263876474,POINT (-7.263876474 54.96186085),Fincairn Road,54.98395746,-7.269956965,1.53
295,"Newry, Mourne and Down",The Commons/ Ballyholland,15,54.16816694,-6.313089449,POINT (-6.313089449 54.16816694),83/89 Drumalane Road,54.16036752,-6.340128208,1.46
117,Causeway Coast and Glens,Farrenlester,1,55.11169813,-6.691700628,POINT (-6.691700628 55.11169813),Railway Road,55.13244883,-6.665462073,1.46
219,Mid and East Antrim,Glynn,2,54.8276423,-5.814006019,POINT (-5.814006019 54.8276423),9 Drummond Court,54.84849006,-5.822412922,1.44
42,"Armagh City, Banbridge and Craigavon",Bleary,1,54.42262039,-6.349248934,POINT (-6.349248934 54.42262039),Drumellan ,54.44112252,-6.365035369,1.4
137,Causeway Coast and Glens,Windyhall,6,55.1179812,-6.632080968,POINT (-6.632080968 55.1179812),"Harpurs Hill, Phase 2 ",55.1379163,-6.650845816,1.39
35,Ards and North Down,Loughries,1,54.57981348,-5.642808006,POINT (-5.642808006 54.57981348),1C Lenamore Park,54.59102291,-5.685155135,1.36
220,Mid and East Antrim,Greenisland,38,54.69228433,-5.86390541,POINT (-5.86390541 54.69228433),Glenwhirry Court,54.67739388,-5.899987123,1.26
121,Causeway Coast and Glens,Glack,2,55.02266017,-7.028540381,POINT (-7.028540381 55.02266017),35 Glasvey Close,55.04060877,-7.033883762,1.24
154,Derry City and Strabane,Nixons Corner,9,54.97792583,-7.374360444,POINT (-7.374360444 54.97792583),Central Drive,54.99465344,-7.346240489,1.16
147,Derry City and Strabane,Derry 3/Collon Terrace Westbank,1651,55.01492981,-7.358338536,POINT (-7.358338536 55.01492981),"Galliagh, Phase 5",55.03160409,-7.344318174,1.15
90,Causeway Coast and Glens,Artikelly,5,55.0678781,-6.93059331,POINT (-6.93059331 55.0678781),57 Church Street,55.05175558,-6.941976527,1.12
210,Mid and East Antrim,Ahoghill,8,54.8530352,-6.365363001,POINT (-6.365363001 54.8530352),5-17 George Street,54.86523287,-6.27891875,1.1
59,"Armagh City, Banbridge and Craigavon",North Lurgan,248,54.47491819,-6.325488063,POINT (-6.325488063 54.47491819),"Sloanhill, Hill Street",54.46170899,-6.341279683,1.06
206,Lisburn and Castlereagh,Milltown,7,54.54204302,-6.041031704,POINT (-6.041031704 54.54204302),Mountview Drive & Skyline Drive ,54.52783849,-6.03782644,0.99
189,Fermanagh and Omagh,Omagh Cottages,2,54.61303838,-7.324790015,POINT (-7.324790015 54.61303838),"Apartments 1 & 2, 9 Eia Street",54.59983174,-7.311525894,0.97
241,Mid Ulster,Dungannon 2,35,54.50128915,-6.76664163,POINT (-6.76664163 54.50128915),Mullaghmore Road,54.5111233,-6.785006686,0.89
98,Causeway Coast and Glens,Ballyvoy,2,55.19953469,-6.185578797,POINT (-6.185578797 55.19953469),"Rathmoyle, 1 Mary Street",55.20399117,-6.23954455,0.88
145,Derry City and Strabane,Curryneirin,8,54.97155442,-7.285107781,POINT (-7.285107781 54.97155442),Fincairn Road,54.98395746,-7.269956965,0.86
74,Belfast,Inner West,1090,54.60017749,-5.959408237,POINT (-5.959408237 54.60017749),Brookfield Mill,54.61230715,-5.957882583,0.84
202,Lisburn and Castlereagh,Lisburn/Dunmurry Urban,1329,54.51404099,-6.059050581,POINT (-6.059050581 54.51404099),149-151 Warren Gardens,54.50285974,-6.057158776,0.77
1,Antrim and Newtownabbey,Rushpark,38,54.66458575,-5.911341288,POINT (-5.911341288 54.66458575),41 Knockeneagh Avenue,54.67525168,-5.91607918,0.74
123,Causeway Coast and Glens,Greysteel,13,55.03118125,-7.120600026,POINT (-7.120600026 55.03118125),35 Glasvey Close,55.04060877,-7.033883762,0.74
160,Derry City and Strabane,Tullyally,4,54.97410217,-7.288024497,POINT (-7.288024497 54.97410217),Fincairn Road,54.98395746,-7.269956965,0.68
149,Derry City and Strabane,Eglinton,75,55.02484013,-7.177947752,POINT (-7.177947752 55.02484013),153 The Old Fort,55.03352651,-7.262355826,0.67
8,Antrim and Newtownabbey,Monkstown,45,54.68730871,-5.894878727,POINT (-5.894878727 54.68730871),Glenwhirry Court,54.67773506,-5.90055489,0.67
116,Causeway Coast and Glens,Dunluce,2,55.14782912,-6.656387581,POINT (-6.656387581 55.14782912),"Harpurs Hill, Phase 2 ",55.13823805,-6.652022787,0.66
223,Mid and East Antrim,Larne Town,75,54.85710701,-5.825741758,POINT (-5.825741758 54.85710701),9 Drummond Court,54.84849006,-5.822412922,0.6
40,"Armagh City, Banbridge and Craigavon",Armagh 2,42,54.34720209,-6.640838201,POINT (-6.640838201 54.34720209),18-52 Ogle Street ,54.34541964,-6.655160325,0.6
237,Mid Ulster,Cookstown South,85,54.63769449,-6.745401135,POINT (-6.745401135 54.63769449),"Molesworth Plaza, Molesworth Street",54.64602436,-6.739181256,0.59
0,Antrim and Newtownabbey,Rathcoole,51,54.65985879,-5.913842679,POINT (-5.913842679 54.65985879),Old Mill Drive ,54.65210357,-5.922953947,0.57
236,Mid Ulster,Cookstown North,39,54.65363674,-6.747976056,POINT (-6.747976056 54.65363674),"Molesworth Plaza, Molesworth Street",54.64602436,-6.739181256,0.56
99,Causeway Coast and Glens,Balnamore,14,55.064907,-6.562212654,POINT (-6.562212654 55.064907),"Apartment 9, 2 John Street",55.07185785,-6.515283574,0.56
97,Causeway Coast and Glens,Ballyrashane,1,55.1395473,-6.603357579,POINT (-6.603357579 55.1395473),"Harpurs Hill, Phase 2 ",55.1379163,-6.650845816,0.54
41,"Armagh City, Banbridge and Craigavon",Banbridge Town,170,54.34978677,-6.270580707,POINT (-6.270580707 54.34978677),42/44/52/56 Fort Street,54.34273966,-6.276535709,0.54
288,"Newry, Mourne and Down",Newry City,536,54.17292221,-6.341424267,POINT (-6.341424267 54.17292221),Canal Street Phase 4,54.18038008,-6.339288393,0.53
240,Mid Ulster,Dungannon 1,283,54.5122526,-6.768358243,POINT (-6.768358243 54.5122526),Mullaghmore Road,54.5111233,-6.785006686,0.52
79,Belfast,Middle West,1107,54.59281828,-5.97571607,POINT (-5.97571607 54.59281828),Moyard Playpark ,54.59860262,-5.986903855,0.49
69,Belfast,Ainsworth/Woodvale,51,54.60530004,-5.961785872,POINT (-5.961785872 54.60530004),Brookfield Mill,54.61230715,-5.957882583,0.49
84,Belfast,Short Strand,55,54.60088845,-5.900398503,POINT (-5.900398503 54.60088845),"53 & 54 Belle Bashford Court, Belfast",54.59444704,-5.907255128,0.48
70,Belfast,Ballygomartin,6,54.60495132,-5.979045386,POINT (-5.979045386 54.60495132),Moyard Playpark ,54.59860262,-5.986903855,0.48
76,Belfast,Lower Ormeau and Markets,372,54.60087356,-5.901901685,POINT (-5.901901685 54.60087356),"53 & 54 Belle Bashford Court, Belfast",54.59444704,-5.907255128,0.46
75,Belfast,Lisburn Road,440,54.57785221,-5.952480334,POINT (-5.952480334 54.57785221),Lisburn Road/Ashley Avenue,54.58379054,-5.945775624,0.45
82,Belfast,Outer East Belfast,297,54.59162477,-5.803711377,POINT (-5.803711377 54.59162477),757-759 Upper Newtownards Road,54.59415966,-5.819243282,0.44
77,Belfast,Mid Shankill,71,54.60614343,-5.96060987,POINT (-5.96060987 54.60614343),Brookfield Mill,54.61230715,-5.957882583,0.43
4,Antrim and Newtownabbey,Hightown,18,54.6666886,-5.969662536,POINT (-5.969662536 54.6666886),5 Harmin Parade,54.67240664,-5.961334656,0.43
150,Derry City and Strabane,Lettershandoney,8,54.97863108,-7.216046557,POINT (-7.216046557 54.97863108),Fincairn Road,54.9845671,-7.268682178,0.41
162,Derry City and Strabane,Waterside 2,436,54.99702117,-7.298501442,POINT (-7.298501442 54.99702117),Site adjacent to 66 Duke Street,54.99103252,-7.313528082,0.41
126,Causeway Coast and Glens,Limavady Town,213,55.04603155,-6.940896181,POINT (-6.940896181 55.04603155),57 Church Street,55.05175558,-6.941976527,0.4
281,"Newry, Mourne and Down",Killyleagh,33,54.40045962,-5.650715325,POINT (-5.650715325 54.40045962),Sloane Crescent ,54.40599743,-5.648474632,0.39
71,Belfast,Donegall Road,137,54.58890628,-5.951667165,POINT (-5.951667165 54.58890628),Lisburn Road/Ashley Avenue,54.58379054,-5.945775624,0.39
72,Belfast,Finaghy,159,54.56242774,-5.980522305,POINT (-5.980522305 54.56242774),"Visteon, Blacks Road",54.56296491,-5.994512729,0.39
9,Antrim and Newtownabbey,Mossley,29,54.69181912,-5.936727453,POINT (-5.936727453 54.69181912),Milewater Road ,54.69099426,-5.955457047,0.37
83,Belfast,Outer West,784,54.56515964,-6.029617736,POINT (-6.029617736 54.56515964),"Belvedere, Upper Dunmurry Lane",54.56225541,-6.0189252,0.36
65,"Armagh City, Banbridge and Craigavon",South Lurgan,72,54.46554608,-6.334461455,POINT (-6.334461455 54.46554608),"Sloanhill, Hill Street",54.46170899,-6.341279683,0.35
7,Antrim and Newtownabbey,"Central Glengormley (Glenvarna, Queens Park/Avenue, Glengormley Central)*",153,54.67728793,-5.960155422,POINT (-5.960155422 54.67728793),5 Harmin Parade,54.67240664,-5.961334656,0.34
6,Antrim and Newtownabbey,Ballyduff,33,54.68797486,-5.929621393,POINT (-5.929621393 54.68797486),"Moylinney, 37 Ballyalton Park",54.68883695,-5.912649234,0.34
207,Lisburn and Castlereagh,Moira,38,54.5091433,-6.072571666,POINT (-6.072571666 54.5091433),Causeway End Road,54.5136829,-6.075654609,0.33
2,Antrim and Newtownabbey,"Whiteabbey (Abbeyville, Glenville, Abbeyglen)*",79,54.67267657,-5.901568247,POINT (-5.901568247 54.67267657),Glenwhirry Court,54.67739388,-5.899987123,0.33
25,Ards and North Down,Ballywalter,13,54.54221221,-5.485207411,POINT (-5.485207411 54.54221221),10 Saltwater Close,54.5460408,-5.490504444,0.31
78,Belfast,Middle East Belfast,362,54.59649805,-5.872032608,POINT (-5.872032608 54.59649805),1-3 Evelyn Avenue,54.59623328,-5.883491943,0.3
80,Belfast,North Belfast 1,2016,54.62035876,-5.932114084,POINT (-5.932114084 54.62035876),12 Newington Street,54.61614836,-5.934678799,0.3
201,Lisburn and Castlereagh,Lambeg,71,54.53030605,-6.02962515,POINT (-6.02962515 54.53030605),Mountview Drive & Skyline Drive ,54.52783849,-6.03782644,0.3
161,Derry City and Strabane,Waterside 1,232,54.98578035,-7.314167834,POINT (-7.314167834 54.98578035),64-66 Spencer Road,54.98998429,-7.313565645,0.29
10,Antrim and Newtownabbey,Antrim Town,264,54.71570473,-6.209640254,POINT (-6.209640254 54.71570473),31 Belfast Road,54.71168668,-6.204200552,0.29
111,Causeway Coast and Glens,Dernaflaw,1,54.92527137,-6.964206077,POINT (-6.964206077 54.92527137),Hass Road Phase 3 ,54.92810912,-6.915737559,0.26
3,Antrim and Newtownabbey,Longlands/Bawnmore/Old Mill,68,54.65555329,-5.927756272,POINT (-5.927756272 54.65555329),Old Mill Drive ,54.65210357,-5.922953947,0.26
81,Belfast,North Belfast 2,296,54.64917179,-5.929367502,POINT (-5.929367502 54.64917179),Old Mill Drive ,54.65210357,-5.922953947,0.25
94,Causeway Coast and Glens,Ballycastle town,58,55.20591821,-6.252433857,POINT (-6.252433857 55.20591821),"Rathmoyle, 1 Mary Street",55.20382499,-6.239635555,0.25
73,Belfast,Inner East Belfast,284,54.59281828,-5.880958995,POINT (-5.880958995 54.59281828),1-3 Evelyn Avenue,54.59623328,-5.883491943,0.24
144,Derry City and Strabane,Coshquin,6,55.03479646,-7.360425062,POINT (-7.360425062 55.03479646),"Galliagh, Phase 5",55.03160409,-7.344318174,0.23
190,Fermanagh and Omagh,Omagh Town,225,54.5966247,-7.313670596,POINT (-7.313670596 54.5966247),"Apartments 1 & 2, 9 Eia Street",54.59983174,-7.311525894,0.23
17,Ards and North Down,Newtownards Town,211,54.59216863,-5.692230219,POINT (-5.692230219 54.59216863),56-60 East Street,54.59475181,-5.696948459,0.22
95,Causeway Coast and Glens,Ballykelly,33,55.04354223,-7.020940328,POINT (-7.020940328 55.04354223),35 Glasvey Close,55.04060877,-7.033883762,0.21
28,Ards and North Down,Ballyhalbert,1,54.49549866,-5.460963176,POINT (-5.460963176 54.49549866),11 Birch Crescent,54.49505727,-5.466776762,0.19
107,Causeway Coast and Glens,Coleraine town,420,55.1298599,-6.666718394,POINT (-6.666718394 55.1298599),Railway Road,55.13244883,-6.665462073,0.18
146,Derry City and Strabane,Derry 1/Waterloo Place Westbank,1107,54.99717599,-7.344040743,POINT (-7.344040743 54.99717599),Central Drive,54.99465344,-7.346240489,0.17
196,Lisburn and Castlereagh,Castlereagh Urban,285,54.58753977,-5.900262489,POINT (-5.900262489 54.58753977),20 Cregagh Road,54.5851264,-5.899291096,0.17
157,Derry City and Strabane,Strabane Town,180,54.82735076,-7.461929679,POINT (-7.461929679 54.82735076),Main Street,54.82521984,-7.463248203,0.15
39,"Armagh City, Banbridge and Craigavon",Armagh 1,117,54.34710046,-6.653507999,POINT (-6.653507999 54.34710046),18-52 Ogle Street ,54.34541964,-6.655160325,0.13
289,"Newry, Mourne and Down",Newtowncloghogue,10,54.14229002,-6.356730586,POINT (-6.356730586 54.14229002),Blinne Court,54.14234902,-6.359362121,0.13
5,Antrim and Newtownabbey,Felden,52,54.65343776,-5.925770021,POINT (-5.925770021 54.65343776),Old Mill Drive ,54.65210357,-5.922953947,0.11
158,Derry City and Strabane,Strathfoyle,30,55.03199014,-7.268147999,POINT (-7.268147999 55.03199014),153 The Old Fort,55.03352651,-7.262355826,0.11
85,Belfast,Upper Ormeau,457,54.58596583,-5.921266471,POINT (-5.921266471 54.58596583),136-138 University Avenue,54.58553755,-5.923989201,0.08
159,Derry City and Strabane,The Fountain,10,54.99249492,-7.323335632,POINT (-7.323335632 54.99249492),Abercorn Road,54.99141707,-7.32395234,0.07
96,Causeway Coast and Glens,Ballymoney town,227,55.07261394,-6.517031881,POINT (-6.517031881 55.07261394),"Apartment 9, 2 John Street",55.07185785,-6.515283574,0.05
212,Mid and East Antrim,Ballymena Town,371,54.86457033,-6.280477129,POINT (-6.280477129 54.86457033),5-17 George Street,54.86523287,-6.27891875,0.05
31,Ards and North Down,Greyabbey,1,54.53537944,-5.560191349,POINT (-5.560191349 54.53537944),31 Main Street,54.53580497,-5.559131656,0.04
213,Mid and East Antrim,Broughshane,54,54.89401759,-6.211003014,POINT (-6.211003014 54.89401759),Fir Park,54.89431629,-6.205538135,0.04
29,Ards and North Down,Carrowdore,1,54.57430098,-5.556608021,POINT (-5.556608021 54.57430098),1 Castle Cottage Close,54.57461987,-5.556011655,0.03
163,Derry City and Strabane,Waterside 3,107,54.98981407,-7.30177878,POINT (-7.30177878 54.98981407),64-66 Spencer Road,54.98998429,-7.313565645,0.02
114,Causeway Coast and Glens,Dungiven,78,54.92831846,-6.918889565,POINT (-6.918889565 54.92831846),Hass Road Phase 3 ,54.92810912,-6.915737559,0.02
198,Lisburn and Castlereagh,Dromara,9,54.37967143,-6.017762627,POINT (-6.017762627 54.37967143),Old PSNI Site,54.37968353,-6.017851663,0.0
